source,target,weight,abs_weight,sign,theme_source,theme_target,cross_theme
V07,V08,0.629563,0.629563,1,V,V,False
E14,E15,0.604181,0.604181,1,E,E,False
V05,V07,0.601139,0.601139,1,V,V,False
V08,V10,0.599421,0.599421,1,V,V,False
V10,V12,0.579059,0.579059,1,V,V,False
S14,V13,0.555028,0.555028,1,S,V,True
S01,S03,0.545677,0.545677,1,S,S,False
V09,V14,0.53985,0.53985,1,V,V,False
T02,E12,0.531279,0.531279,1,T,E,True
E11,V07,0.531219,0.531219,1,E,V,True
S14,V09,0.530136,0.530136,1,S,V,True
S13,V10,0.529852,0.529852,1,S,V,True
V09,V13,0.528275,0.528275,1,V,V,False
S09,S14,0.524414,0.524414,1,S,S,False
E07,E10,0.518638,0.518638,1,E,E,False
E10,S06,0.514689,0.514689,1,E,S,True
V13,V14,0.505654,0.505654,1,V,V,False
S06,V10,0.500347,0.500347,1,S,V,True
T06,E14,0.49645,0.49645,1,T,E,True
S07,S09,0.496156,0.496156,1,S,S,False
S06,S09,0.493031,0.493031,1,S,S,False
V03,V10,0.491601,0.491601,1,V,V,False
T12,T13,0.488482,0.488482,1,T,T,False
S09,V09,0.487412,0.487412,1,S,V,True
V07,V09,0.485376,0.485376,1,V,V,False
V07,V14,0.479551,0.479551,1,V,V,False
S07,V02,0.477307,0.477307,1,S,V,True
S06,V11,0.473606,0.473606,1,S,V,True
E10,E14,0.472146,0.472146,1,E,E,False
E10,E15,0.471528,0.471528,1,E,E,False
S09,V14,0.471393,0.471393,1,S,V,True
V01,V02,0.470843,0.470843,1,V,V,False
S15,V10,0.466797,0.466797,1,S,V,True
E10,V09,0.464694,0.464694,1,E,V,True
E07,V07,0.464089,0.464089,1,E,V,True
T10,S05,0.463867,0.463867,1,T,S,True
T10,T12,0.462939,0.462939,1,T,T,False
V10,V13,0.462704,0.462704,1,V,V,False
S13,V03,0.459875,0.459875,1,S,V,True
V07,V12,0.459038,0.459038,1,V,V,False
T06,E12,0.458307,0.458307,1,T,E,True
E14,V09,0.454722,0.454722,1,E,V,True
T07,V01,0.451897,0.451897,1,T,V,True
S14,V14,0.451627,0.451627,1,S,V,True
T14,V02,0.449501,0.449501,1,T,V,True
S01,S14,0.448834,0.448834,1,S,S,False
S09,S11,0.446716,0.446716,1,S,S,False
S07,V14,0.446094,0.446094,1,S,V,True
S15,V12,0.445944,0.445944,1,S,V,True
S10,V08,0.44476,0.44476,1,S,V,True
S10,V15,0.441408,0.441408,1,S,V,True
V13,V15,0.441223,0.441223,1,V,V,False
V08,V12,0.440573,0.440573,1,V,V,False
S07,V09,0.44041,0.44041,1,S,V,True
E03,E10,-0.44039,0.44039,-1,E,E,False
T06,E10,0.440211,0.440211,1,T,E,True
S06,V05,0.44021,0.44021,1,S,V,True
E10,E12,0.439804,0.439804,1,E,E,False
E12,E14,0.439804,0.439804,1,E,E,False
V09,V12,0.439718,0.439718,1,V,V,False
S12,V07,0.439202,0.439202,1,S,V,True
S04,S14,0.438835,0.438835,1,S,S,False
V01,V13,0.437033,0.437033,1,V,V,False
S15,V02,0.436169,0.436169,1,S,V,True
T11,S14,0.435953,0.435953,1,T,S,True
V08,V13,0.43578,0.43578,1,V,V,False
T03,E11,0.43524,0.43524,1,T,E,True
E15,S07,0.434447,0.434447,1,E,S,True
S11,V06,0.433765,0.433765,1,S,V,True
V12,V14,0.433535,0.433535,1,V,V,False
E01,E09,0.429645,0.429645,1,E,E,False
S09,V03,0.429605,0.429605,1,S,V,True
E07,E14,0.429421,0.429421,1,E,E,False
V03,V12,0.428463,0.428463,1,V,V,False
S10,S12,0.428024,0.428024,1,S,S,False
E07,S11,0.427186,0.427186,1,E,S,True
E10,V13,0.426597,0.426597,1,E,V,True
S13,S14,0.425336,0.425336,1,S,S,False
V03,V04,0.424819,0.424819,1,V,V,False
S04,V09,0.424764,0.424764,1,S,V,True
E10,S14,0.424626,0.424626,1,E,S,True
V12,V13,0.421902,0.421902,1,V,V,False
V06,V15,0.420007,0.420007,1,V,V,False
E11,E15,0.419913,0.419913,1,E,E,False
S09,S13,0.419884,0.419884,1,S,S,False
S02,V10,0.418849,0.418849,1,S,V,True
E10,V02,0.418464,0.418464,1,E,V,True
E07,S06,0.417577,0.417577,1,E,S,True
E14,V02,0.41722,0.41722,1,E,V,True
S06,V13,0.416868,0.416868,1,S,V,True
S09,V13,0.416188,0.416188,1,S,V,True
V02,V13,0.415143,0.415143,1,V,V,False
T12,S13,0.414666,0.414666,1,T,S,True
E15,V14,0.413457,0.413457,1,E,V,True
E07,V08,0.413245,0.413245,1,E,V,True
S09,V10,0.41302,0.41302,1,S,V,True
E11,V09,0.412729,0.412729,1,E,V,True
S07,V12,0.411965,0.411965,1,S,V,True
V06,V12,0.411128,0.411128,1,V,V,False
E11,V08,0.410978,0.410978,1,E,V,True
E10,V14,0.410281,0.410281,1,E,V,True
S14,S15,0.410008,0.410008,1,S,S,False
V02,V04,0.406802,0.406802,1,V,V,False
V09,V15,0.404841,0.404841,1,V,V,False
V08,V14,0.404641,0.404641,1,V,V,False
V04,V06,0.404129,0.404129,1,V,V,False
E10,S15,0.403879,0.403879,1,E,S,True
E15,V02,0.40324,0.40324,1,E,V,True
S07,V01,0.403128,0.403128,1,S,V,True
S10,V11,0.402333,0.402333,1,S,V,True
T04,E10,0.402045,0.402045,1,T,E,True
S13,S15,0.401961,0.401961,1,S,S,False
S06,V02,0.401437,0.401437,1,S,V,True
S06,V09,0.400805,0.400805,1,S,V,True
S14,V12,0.40054,0.40054,1,S,V,True
S02,S15,0.40013,0.40013,1,S,S,False
T06,V09,0.399116,0.399116,1,T,V,True
S14,V10,0.398662,0.398662,1,S,V,True
S04,S09,0.394882,0.394882,1,S,S,False
S07,V04,0.394799,0.394799,1,S,V,True
S06,V08,0.39417,0.39417,1,S,V,True
V08,V15,0.394102,0.394102,1,V,V,False
S07,S15,0.393459,0.393459,1,S,S,False
E01,E05,0.393208,0.393208,1,E,E,False
V07,V10,0.392843,0.392843,1,V,V,False
S01,S15,0.39226,0.39226,1,S,S,False
V04,V13,0.391755,0.391755,1,V,V,False
V09,V10,0.391168,0.391168,1,V,V,False
V02,V10,0.389991,0.389991,1,V,V,False
T12,S05,0.389394,0.389394,1,T,S,True
S02,S04,0.388856,0.388856,1,S,S,False
E10,S07,0.38846,0.38846,1,E,S,True
E07,E12,0.388088,0.388088,1,E,E,False
S09,V04,0.386413,0.386413,1,S,V,True
S02,S06,0.38637,0.38637,1,S,S,False
S07,S14,0.383645,0.383645,1,S,S,False
V02,V12,0.383442,0.383442,1,V,V,False
V04,V10,0.383422,0.383422,1,V,V,False
S14,V08,0.382943,0.382943,1,S,V,True
E15,V15,0.381771,0.381771,1,E,V,True
E07,V14,0.380924,0.380924,1,E,V,True
V07,V15,0.380729,0.380729,1,V,V,False
V01,V11,0.380156,0.380156,1,V,V,False
T12,T14,0.379764,0.379764,1,T,T,False
S02,S09,0.379366,0.379366,1,S,S,False
T06,S07,0.378606,0.378606,1,T,S,True
S04,V05,0.37808,0.37808,1,S,V,True
V05,V06,0.378048,0.378048,1,V,V,False
V02,V08,0.376435,0.376435,1,V,V,False
S07,V13,0.373778,0.373778,1,S,V,True
E11,S11,0.37028,0.37028,1,E,S,True
E05,V07,0.369758,0.369758,1,E,V,True
S09,V11,0.369706,0.369706,1,S,V,True
V05,V14,0.369244,0.369244,1,V,V,False
S03,S13,0.368871,0.368871,1,S,S,False
T11,V10,0.368866,0.368866,1,T,V,True
S10,S13,0.368279,0.368279,1,S,S,False
T14,E10,0.368188,0.368188,1,T,E,True
T03,V09,0.367616,0.367616,1,T,V,True
V02,V09,0.367566,0.367566,1,V,V,False
T11,S10,0.367437,0.367437,1,T,S,True
S09,V12,0.36643,0.36643,1,S,V,True
S06,V07,0.365582,0.365582,1,S,V,True
T03,V07,0.365368,0.365368,1,T,V,True
E12,V14,0.36452,0.36452,1,E,V,True
V08,V09,0.363689,0.363689,1,V,V,False
E07,V09,0.363352,0.363352,1,E,V,True
S09,S12,0.363105,0.363105,1,S,S,False
S14,V15,0.36291,0.36291,1,S,V,True
T04,E14,0.362788,0.362788,1,T,E,True
V01,V14,0.361925,0.361925,1,V,V,False
S09,S15,0.361687,0.361687,1,S,S,False
E07,S09,0.361222,0.361222,1,E,S,True
S03,V03,0.360738,0.360738,1,S,V,True
T14,V13,0.359732,0.359732,1,T,V,True
S13,V08,0.358868,0.358868,1,S,V,True
T06,S04,0.358375,0.358375,1,T,S,True
V14,V15,0.358272,0.358272,1,V,V,False
T05,S11,0.35787,0.35787,1,T,S,True
V01,V04,0.357025,0.357025,1,V,V,False
E10,S09,0.356699,0.356699,1,E,S,True
E07,E15,0.353643,0.353643,1,E,E,False
S03,V11,0.352275,0.352275,1,S,V,True
V12,V15,0.351679,0.351679,1,V,V,False
S02,S12,0.351598,0.351598,1,S,S,False
E05,S06,0.350998,0.350998,1,E,S,True
E11,E12,0.35098,0.35098,1,E,E,False
S14,V07,0.349632,0.349632,1,S,V,True
S11,V14,0.348414,0.348414,1,S,V,True
V02,V14,0.34838,0.34838,1,V,V,False
E07,S14,0.347511,0.347511,1,E,S,True
S15,V03,0.346724,0.346724,1,S,V,True
E15,V09,0.34669,0.34669,1,E,V,True
E06,S10,0.346195,0.346195,1,E,S,True
V05,V12,0.344152,0.344152,1,V,V,False
S09,V02,0.344149,0.344149,1,S,V,True
V05,V15,0.344017,0.344017,1,V,V,False
E10,S13,0.342953,0.342953,1,E,S,True
T12,V02,0.342912,0.342912,1,T,V,True
T04,S15,0.342675,0.342675,1,T,S,True
E08,V09,0.342623,0.342623,1,E,V,True
S06,V14,0.342056,0.342056,1,S,V,True
E05,E06,0.341803,0.341803,1,E,E,False
E09,S02,0.341311,0.341311,1,E,S,True
V04,V15,0.340918,0.340918,1,V,V,False
T06,V15,0.34088,0.34088,1,T,V,True
E12,V07,0.340282,0.340282,1,E,V,True
T05,S07,0.339169,0.339169,1,T,S,True
V10,V15,0.338575,0.338575,1,V,V,False
E14,S04,0.338031,0.338031,1,E,S,True
S04,S10,0.337586,0.337586,1,S,S,False
S13,V04,0.337558,0.337558,1,S,V,True
E12,V03,0.335724,0.335724,1,E,V,True
E15,S11,0.335336,0.335336,1,E,S,True
S09,V15,0.335221,0.335221,1,S,V,True
S05,S07,0.335196,0.335196,1,S,S,False
V07,V13,0.334242,0.334242,1,V,V,False
T04,E12,0.334224,0.334224,1,T,E,True
E14,S07,0.333405,0.333405,1,E,S,True
E12,S14,0.33206,0.33206,1,E,S,True
T12,S15,0.331781,0.331781,1,T,S,True
E07,V11,0.331381,0.331381,1,E,V,True
T01,T02,0.331371,0.331371,1,T,T,False
E08,V03,0.331239,0.331239,1,E,V,True
E08,E15,0.330249,0.330249,1,E,E,False
V02,V07,0.328789,0.328789,1,V,V,False
E11,E14,0.328363,0.328363,1,E,E,False
V06,V07,0.327557,0.327557,1,V,V,False
S07,V05,0.327523,0.327523,1,S,V,True
E14,S09,0.326311,0.326311,1,E,S,True
S14,V02,0.326161,0.326161,1,S,V,True
E14,S15,0.326088,0.326088,1,E,S,True
V06,V09,0.32593,0.32593,1,V,V,False
T11,S09,0.325899,0.325899,1,T,S,True
T11,T12,0.325652,0.325652,1,T,T,False
S10,V07,0.325091,0.325091,1,S,V,True
E11,V14,0.324375,0.324375,1,E,V,True
S07,V10,0.324318,0.324318,1,S,V,True
T12,V10,0.324228,0.324228,1,T,V,True
S11,V07,0.32401,0.32401,1,S,V,True
V06,V08,0.323826,0.323826,1,V,V,False
E14,S02,0.32297,0.32297,1,E,S,True
T03,E04,-0.322569,0.322569,-1,T,E,True
V05,V09,0.32229,0.32229,1,V,V,False
S12,V10,0.321918,0.321918,1,S,V,True
V11,V13,0.321748,0.321748,1,V,V,False
T13,S13,0.320896,0.320896,1,T,S,True
V03,V14,0.320888,0.320888,1,V,V,False
V04,V09,0.320755,0.320755,1,V,V,False
T12,S14,0.320669,0.320669,1,T,S,True
E14,S11,0.32063,0.32063,1,E,S,True
S09,V07,0.319737,0.319737,1,S,V,True
E12,E15,0.319373,0.319373,1,E,E,False
V05,V08,0.319126,0.319126,1,V,V,False
S13,V14,0.318876,0.318876,1,S,V,True
V04,V08,0.318228,0.318228,1,V,V,False
T13,V06,0.318132,0.318132,1,T,V,True
S01,S02,0.318082,0.318082,1,S,S,False
E15,S09,0.317761,0.317761,1,E,S,True
S13,V12,0.317607,0.317607,1,S,V,True
V02,V11,0.317606,0.317606,1,V,V,False
S04,S12,0.317583,0.317583,1,S,S,False
E10,V15,0.317284,0.317284,1,E,V,True
T11,S05,0.317158,0.317158,1,T,S,True
S06,S07,0.317054,0.317054,1,S,S,False
S03,S15,0.316721,0.316721,1,S,S,False
E11,S12,0.316715,0.316715,1,E,S,True
S06,V12,0.316179,0.316179,1,S,V,True
E01,E10,0.316129,0.316129,1,E,E,False
S04,S06,0.315599,0.315599,1,S,S,False
E07,E11,0.315393,0.315393,1,E,E,False
S12,S14,0.315316,0.315316,1,S,S,False
S12,V08,0.315316,0.315316,1,S,V,True
T13,V08,0.314842,0.314842,1,T,V,True
T04,T14,0.314485,0.314485,1,T,T,False
E14,S10,0.314389,0.314389,1,E,S,True
E01,E02,-0.314373,0.314373,-1,E,E,False
E08,E11,0.314264,0.314264,1,E,E,False
S07,S11,0.313443,0.313443,1,S,S,False
S07,V11,0.312535,0.312535,1,S,V,True
T11,S12,0.312293,0.312293,1,T,S,True
T13,V07,0.312052,0.312052,1,T,V,True
S07,V15,0.311564,0.311564,1,S,V,True
S06,S15,0.311089,0.311089,1,S,S,False
V04,V12,0.309979,0.309979,1,V,V,False
E12,S07,0.309531,0.309531,1,E,S,True
E14,S06,0.309003,0.309003,1,E,S,True
S15,V08,0.308966,0.308966,1,S,V,True
S02,V07,0.308689,0.308689,1,S,V,True
S02,V05,0.308646,0.308646,1,S,V,True
T10,T11,0.308262,0.308262,1,T,T,False
E04,S06,0.308212,0.308212,1,E,S,True
S04,V07,0.307934,0.307934,1,S,V,True
T12,S04,0.307597,0.307597,1,T,S,True
E12,V02,0.307378,0.307378,1,E,V,True
T04,S13,0.307076,0.307076,1,T,S,True
V03,V15,0.306924,0.306924,1,V,V,False
S06,V01,0.306756,0.306756,1,S,V,True
T12,E10,0.306634,0.306634,1,T,E,True
S08,S09,0.306546,0.306546,1,S,S,False
S13,V13,0.306501,0.306501,1,S,V,True
T03,V02,0.305623,0.305623,1,T,V,True
E10,V07,0.305499,0.305499,1,E,V,True
E12,S13,0.305364,0.305364,1,E,S,True
V05,V10,0.304496,0.304496,1,V,V,False
V10,V11,0.302764,0.302764,1,V,V,False
T06,E03,-0.302187,0.302187,-1,T,E,True
S12,V05,0.302096,0.302096,1,S,V,True
E08,V02,0.300985,0.300985,1,E,V,True
V04,V05,0.300594,0.300594,1,V,V,False
E05,V12,0.300483,0.300483,1,E,V,True
E15,V05,0.300476,0.300476,1,E,V,True
E01,S07,0.300467,0.300467,1,E,S,True
T03,T12,0.300379,0.300379,1,T,T,False
E01,S06,0.300353,0.300353,1,E,S,True
V08,V11,0.300321,0.300321,1,V,V,False
